{"_step":2,"time/infer_elapsed_sec":5.721429355442524,"time/total_elapsed_sec":8.253520004451275,"_wandb":{"runtime":7},"_runtime":7,"time/train_elapsed_sec":0.6663750186562538,"_timestamp":1.7648219997013733e+09}