{"_timestamp":1.7648218891794903e+09,"time/infer_elapsed_sec":5.800609797239304,"time/total_elapsed_sec":422.42999021708965,"_wandb":{"runtime":7},"_runtime":7,"_step":2,"time/train_elapsed_sec":0.6853771880269051}